VISA,4556595801066696,01,2027,01/2027,970,Kirstin Lebsack,04684 Medhurst Ports,United States,72252
VISA,4556304351015710,01,2026,01/2026,438,Joan Brakus,0644 Dedric Prairie,United States,74292
VISA,4916255085442247,04,2027,04/2027,685,Zula Batz,17910 Cayla Park,United States,73707-9423
VISA,4532447335529790,09,2026,09/2026,634,Sadie Bauch,3156 Tillman Glen,United States,52298
VISA,4716237658700997,08,2024,08/2024,863,Agustina MacGyver,817 Alisha Hollow,United States,99041-2920
VISA,4929849533899639,11,2025,11/2025,560,Harley Breitenberg,334 Block Mission,United States,77378
VISA,4485648412565972,12,2026,12/2026,961,Elmer Crist,3211 Ludwig Brook,United States,45821
VISA,4929787060222231,05,2026,05/2026,339,Priscilla Mosciski,194 Jarret Club,United States,40115
MasterCard,5146734101085304,08,2022,08/2022,552,Juliana Durgan,3056 Feil Brook,United States,87002
MasterCard,5269121741963135,06,2026,06/2026,944,Lawrence Altenwerth,226 Nils Inlet,United States,42765-4612
MasterCard,5172782543835395,08,2025,08/2025,853,Shanna Wilderman,4908 Strosin Corner,United States,04839
MasterCard,5429163512508555,10,2023,10/2023,457,Burdette Marks,37315 Alysson Bridge,United States,19080-7802
MasterCard,2720782909934240,05,2022,05/2022,496,Amira Mills,336 Christiansen Courts,United States,20804
MasterCard,5117307063298572,04,2024,04/2024,130,Ezra Langosh,814 Adell Parkway,United States,81649
MasterCard,5182266578869873,12,2022,12/2022,931,Faye Hickle,8842 Ward Center,United States,73226
Amex,372394597292561,05,2022,05/2022,446,Violet McClure,470 Fae Island,United States,09194-0312
Amex,379984962597975,07,2027,07/2027,227,Lukas Mohr,73786 Lindgren Mount,United States,08096-4785
Amex,343933136782750,01,2024,01/2024,252,Alfonso Legros,7643 Magdalena Knolls,United States,52276-7929
Amex,343989041956772,07,2023,07/2023,498,Mellie Russel,81679 Scot Corner,United States,75170-9264
Amex,373533002490646,01,2024,01/2024,763,Clint Lynch,27488 Margarette Knoll,United States,14071
Amex,344438896395727,03,2026,03/2026,605,Clotilde Brakus,129 Stanton Squares,United States,59955
Amex,343277089767552,02,2027,02/2027,169,Jedidiah Schaden,849 Schneider Place,United States,78273-7430
Amex,341708521718755,04,2026,04/2026,773,Camylle Cummerata,8612 Dibbert Courts,United States,57453-2195
Amex,371346347520676,09,2026,09/2026,354,Donnell McGlynn,54896 Osborne Crescent,United States,95438-1566
Amex,346742746096577,06,2025,06/2025,459,Emmy Sanford,4539 Louvenia Freeway,United States,54740-4838
Amex,340123380632595,04,2023,04/2023,785,Michel Hauck,97534 Rhea Ways,United States,05847
Amex,344044223435374,02,2027,02/2027,318,Marian Rau,98990 Dietrich Parkways,United States,47239-8052
Amex,347165095024470,04,2027,04/2027,246,Kristofer Braun,45845 Thiel Prairie,United States,71265
Amex,377495373459822,09,2027,09/2027,864,Alfredo Kemmer,6593 Collin Roads,United States,15182
Amex,377195907417573,02,2024,02/2024,390,Oswald Pfeffer,8175 Zakary Gardens,United States,32810-5775
Amex,379278933119765,06,2024,06/2024,298,Abagail Effertz,269 Enrico Causeway,United States,19018
Amex,342733115726450,11,2025,11/2025,788,Kurt Wuckert,05463 Aliya Vista,United States,56745
Amex,378222504836747,06,2023,06/2023,147,Orion Mann,0000 Schaefer Mount,United States,37153-0350
Amex,346082278772752,06,2025,06/2025,811,Raven Tromp,88346 Kutch Keys,United States,73284
Amex,349896408240001,01,2025,01/2025,369,Genevieve Quigley,20077 Winnifred Knolls,United States,02037-6837
Discover,62212647011659291,10,2025,10/2025,464,Jamil Christiansen,02935 Von Forge,United States,71998
Discover,6562765055653696734,02,2025,02/2025,753,Esteban Corwin,792 Rosa Terrace,United States,79137-1252
Discover,6221266566881493741,05,2023,05/2023,923,Kennith Wyman,964 Deborah Forks,United States,64305-2148
Discover,6414674846993219292,09,2024,09/2024,772,Price Funk,708 Kelsie Cliff,United States,56262-0198
Discover,6011862950304951415,02,2024,02/2024,689,Lilla Labadie,90830 Muller Meadows,United States,50713
Discover,6011493361936496430,08,2027,08/2027,225,Bert Streich,972 Lueilwitz Bridge,United States,27562-2948
Discover,6564774725384841750,08,2022,08/2022,516,Rosendo Veum,0933 Rolfson Row,United States,65575-5104
Discover,6576757130883549936,06,2025,06/2025,761,Leanne Graham,684 Edmond Parks,United States,24899-3711
Discover,6569143716486396770,01,2024,01/2024,993,Rosina Kihn,70327 Damion Plains,United States,24419
Discover,6484140617525290930,02,2025,02/2025,803,Webster Prosacco,733 Christiansen Mill,United States,91232
Discover,6576219224117842878,02,2022,02/2022,767,Tatyana Roob,57512 Bill Lodge,United States,46362
Discover,6011129647697000623,09,2022,09/2022,409,Assunta Streich,43311 Antonetta Centers,United States,46500-3991
Discover,6555253991235474575,08,2022,08/2022,577,Gerhard Jacobson,804 Lesly Manors,United States,63948-8950
Discover,6582837907693893733,11,2025,11/2025,146,Janice Jacobson,8821 Joan Mountain,United States,25693
Discover,6453031318377954163,03,2022,03/2022,658,Maryse Torp,61345 O'Kon Knoll,United States,99128